"","X9996247152_R06C01","X9996247152_R03C02","X9996247152_R06C02","X9996247067_R03C01","X9996247067_R02C02","X9992571033_R01C01","X9992571033_R06C01","X9992571033_R02C02","X9992571033_R05C02","X9996247123_R04C01","X9996247123_R02C02","X9996247123_R06C02","X9992571009_R03C01","X9992571009_R06C01","X9992571009_R04C02","X9996247058_R01C01","X9996247058_R04C01","X9996247058_R02C02","X9996247058_R05C02","X9992571013_R02C01","X9992571032_R02C02","X9992571013_R01C02","X9992571013_R04C02","X9996247072_R01C01","X9996247072_R04C01","X9996247152_R04C02","X9996247072_R02C02","X9996247072_R05C02","X9996247060_R03C01","X9996247060_R06C01","X9996247060_R02C02","X9992571017_R01C01","X9996247067_R01C01","X9996247067_R04C01","X9996247067_R06C01","X9996247067_R03C02","X9996247067_R05C02","X9992571033_R03C01","X9994014108_R05C02","X9992571033_R01C02","X9992571033_R03C02","X9992571033_R06C02","X9996247123_R02C01","X9996247123_R05C01","X9996247123_R04C02","X9992571009_R01C01","X9992571009_R04C01","X9992571009_R02C02","X9996247058_R02C01","X9996247058_R05C01","X9996247072_R06C02","X9996247058_R04C02","X9996247058_R06C02","X9994014108_R06C02","X9992571013_R03C01","X9992571007_R01C01","X9992571013_R02C02","X9996247072_R02C01","X9996247072_R06C01","X9996247072_R03C02","X9996247072_R04C02","X9996247060_R02C01","X9996247060_R04C01","X9996247060_R04C02","X9992571002_R01C01","X9992571002_R04C01","X9994014108_R04C02","X9992571017_R03C01","X9992571002_R03C02","X9992571007_R02C01","X9992571002_R05C02","X9994014110_R01C01","Row.names","Forward_Sequence","SourceSeq","Random_Loci","Methyl27_Loci","UCSC_RefGene_Name","UCSC_RefGene_Accession","UCSC_RefGene_Group","Phantom","DMR","Enhancer","HMM_Island","Regulatory_Feature_Name","Regulatory_Feature_Group","DHS","Probe_ID","chr","pos","strand"
"cg24325581","0.947880488520914","0.924233706591151","0.907466797172135","0.934313862145961","0.945786017425729","0.919362611441934","0.936142637850816","0.939002489335806","0.928102682305079","0.930613605186433","0.931717805634444","0.929640611793636","0.936761654828814","0.952572683629178","0.932694882499197","0.942326445463738","0.945850936366603","0.921690651485857","0.949206586465243","0.927007161365277","0.924238475988651","0.925140422605995","0.913754895304646","0.941557442102598","0.939589735190743","0.917367663703706","0.93575045514579","0.931206957185632","0.960034975906969","0.965616992301065","0.951994834359174","0.91580267018439","0.905716986026206","0.94281846592582","0.916955176073425","0.905330824838959","0.938342447528799","0.946275561036635","0.890507811855319","0.948306871985514","0.920628720899074","0.962565010585511","0.939888485825504","0.962850140036576","0.912190536082759","0.939346849978836","0.932676245907743","0.943874112961124","0.925856509113993","0.912900560214886","0.879884412958917","0.913079462617318","0.931152702410091","0.936507084868099","0.922044874679017","0.923469690966484","0.922930578822496","0.918418194826529","0.919504906760528","0.905409249159715","0.86675780299439","0.930439131896395","0.917465192379438","0.912521110203787","0.931173193568518","0.951913433323065","0.955242511653378","0.960434117048363","0.913561336832479","0.925871791214278","0.917932096171044","0.955844613688037","cg16103275","CAAGAGGCAGAAAGGGCACTCCGGGTCTGGGTCCCATTCTACCTAGAGAAAACATGCAAG[CG]CATATTGATTGAGGGCTTTCTACACGGGGGGTTTTGATACCATTTGTTGCCCAGAAGATA","CGCTTGCATGTTTTCTCTAGGTAGAATGGGACCCAGACCCGGAGTGCCCT","","","DUSP22","NM_020185","TSS1500","","","","","6:290513-290802","Unclassified","","cg16103275","chr6",290800,"-"
"cg05064044","0.444524448051919","0.486811543776214","0.555985916915065","0.355463143191821","0.411434154407943","0.535708796750628","0.443205820452616","0.415263152248652","0.481695408815818","0.420577569409521","0.593173863231044","0.544787864664919","0.408205736406836","0.421575868667944","0.372996462563632","0.521066458155626","0.501717166184313","0.378227586922824","0.375969649881249","0.399257210215341","0.342778305533344","0.522552080166571","0.43333195454","0.4103602698557","0.532319599425246","0.0437414400688633","0.522868776669289","0.361553473098598","0.496839683567866","0.396126769861943","0.379797890032815","0.455550959073836","0.474091137274634","0.588959372690982","0.621576081885084","0.399816208326467","0.042774216875106","0.0483746964107582","0.0523674314362973","0.364786525593793","0.523975127258316","0.441147498311372","0.583471790618433","0.462431759284365","0.517308614971797","0.38522097950933","0.57718268838879","0.0267913710119488","0.430427418252757","0.373094192304056","0.326202321536035","0.426001986291093","0.506235167504732","0.404328573107131","0.486246971959368","0.537831843696236","0.379082936848475","0.36822279327052","0.0427977592775469","0.0343699085730541","0.0404217585325766","0.519234232280065","0.525947457731454","0.0267425764791771","0.0267647328027061","0.419694083945684","0.482768369108182","0.0502023338969481","0.393805409498627","0.473105130106239","0.492092203753524","0.466891063147881","cg07332563","CTAAGGCCGTGAGGTCTGAGGTCAGAGATCCAGCCATCTGCTCCCCCAGGGTAGGGAGGT[CG]GGCCTCCCCGGGGTGAGTCACGTAGCCCACCTCTCCCCACCAGGCGAGGCTTCTCGGTCT","GGTCTGAGGTCAGAGATCCAGCCATCTGCTCCCCCAGGGTAGGGAGGTCG","","","DUSP22","NM_020185","TSS1500","","","","","6:291596-292679","Promoter_Associated","","cg07332563","chr6",291687,"-"
"cg05371885","0.481216144358137","0.546703072150076","0.532544421204434","0.494799414039767","0.478793820765287","0.570145201166808","0.477843267841059","0.412162595712831","0.498951584863447","0.470173898981791","0.536421770311744","0.508444391417332","0.479134512539654","0.47599712660891","0.393740942176613","0.499833952768375","0.517882760717449","0.385744013951858","0.394730584536401","0.429710726025669","0.471488417482242","0.526355033188422","0.409899162465293","0.396077058968208","0.478174863203394","0.0194271236649774","0.502675025098274","0.420191908813218","0.478054132387623","0.365417657239632","0.422550308229083","0.485187956204063","0.554610070946953","0.593032177933002","0.559908511862098","0.438836884034961","0.0306185264674822","0.0175642136576708","0.0576164279635324","0.414690230454684","0.492350247869308","0.481066366868709","0.5456264846364","0.498260826726693","0.533751036704997","0.429375193814559","0.54428119446485","0.0178458984494739","0.472318036977858","0.420659417811974","0.350793638069251","0.459778276528584","0.525335493125233","0.494443022190023","0.440804169897297","0.501962570275161","0.431069042263789","0.378972810350984","0.0272428583270088","0.0209155419659801","0.0278853755244191","0.495226625759107","0.488251127742975","0.0279227732707919","0.03070325097288","0.41581155312977","0.529327595611189","0.0281602906158131","0.394910081561314","0.458598958788218","0.474225117336717","0.500466726233114","cg21548813","CCCCCAGAGACCAGGCCTCTGATTAGCACCTGATTCACGGAGGCAGCCAAGGCTGGGTAG[CG]ACTGCTGGTAACTGGCCCCCGGAGTCGCCCCAGGGGAAAAGGCCAAAGGGGGATCTGGAG","CGCTACCCAGCCTTGGCTGCCTCCGTGAATCAGGTGCTAATCAGAGGCCT","","","DUSP22","NM_020185","TSS1500","","","","6:236882-237965","6:291596-292679","Promoter_Associated","","cg21548813","chr6",291882,"-"
"cg10270150","0.576039071428414","0.632324260027921","0.630042244390752","0.586028148005092","0.552736448887081","0.622891650688691","0.561837106221504","0.511623730257223","0.535679823614895","0.550806778528343","0.63590911881609","0.608674448145671","0.532714351871021","0.558674375100909","0.526013555268453","0.619546517242419","0.606751601348505","0.511226494388896","0.481194133578001","0.483058083558394","0.524364583917723","0.557873595827722","0.500148513657297","0.45299362750206","0.517054125358275","0.0369403927671828","0.579489799041955","0.514335478742333","0.531149202255604","0.452547803973208","0.488458656322859","0.544968788590366","0.583200869679967","0.64275888224203","0.646112897023834","0.573107300242634","0.0493051110392914","0.0471072726314928","0.100605274796322","0.556191449459844","0.585388516046257","0.55762886333311","0.646673596618579","0.561135025184972","0.603500226168537","0.552456477450992","0.621796499890104","0.0409668146162399","0.546765283899758","0.478020680753488","0.430707281023458","0.552878271161651","0.587669220833234","0.586913661736","0.563856193665684","0.59044471451815","0.501260175762812","0.45502213643569","0.0365162217637233","0.0446755353823627","0.0813604910263814","0.495002813160961","0.546298517145318","0.0479998370245074","0.0466979651253201","0.48796399783016","0.555472757415226","0.0518805945543918","0.484545716215505","0.562307405163431","0.514826034093423","0.488747945351212","cg03395511","ATTAGCACCTGATTCACGGAGGCAGCCAAGGCTGGGTAGCGACTGCTGGTAACTGGCCCC[CG]GAGTCGCCCCAGGGGAAAAGGCCAAAGGGGGATCTGGAGACCCCCGGCCGGGGAGCGGGC","CGGGGGCCAGTTACCAGCAGTCGCTACCCAGCCTTGGCTGCCTCCGTGAA","","","DUSP22","NM_020185","TSS200","","","","6:236882-237965","6:291596-292679","Promoter_Associated","","cg03395511","chr6",291903,"-"
"cg09779827","0.566320678954619","0.548344955497848","0.540353397187588","0.540193527511453","0.531062200007277","0.582803224323385","0.5400939211545","0.523047087318635","0.491841297627809","0.518375950278894","0.619060636111635","0.576477001565719","0.524734800594884","0.554678863302344","0.449946891146729","0.52870465765524","0.570504623327637","0.494695056464605","0.443542135378517","0.518460930306821","0.443976208038584","0.56158308953076","0.512709878883714","0.447745851837169","0.562135938937968","0.0400330241816779","0.565010141797383","0.518233747701917","0.548083312821989","0.48931034784079","0.436443676472397","0.516696012654979","0.520827707214437","0.604904086982295","0.610855884582571","0.460488725417454","0.0469181590624985","0.0409262828065813","0.0696797497514949","0.542597419646203","0.586937193072025","0.538072145412718","0.666224358830326","0.542635337543547","0.564913880054087","0.491284868586788","0.611374017275256","0.0526199313141483","0.516062176554588","0.455289269889622","0.460436215485121","0.522140017023365","0.611539721972561","0.554706115598549","0.453552643683379","0.60823248016779","0.465262033708038","0.489286956259708","0.0531003028331556","0.0417655929389342","0.0467452809100319","0.53362355036661","0.556504294027344","0.05719726486835","0.0397027596623052","0.48458964912948","0.592189079635832","0.0460767363294874","0.432898670551533","0.570125573978951","0.468300727367558","0.538305800764366","cg15383120","ACCTGATTCACGGAGGCAGCCAAGGCTGGGTAGCGACTGCTGGTAACTGGCCCCCGGAGT[CG]CCCCAGGGGAAAAGGCCAAAGGGGGATCTGGAGACCCCCGGCCGGGGAGCGGGCTCCGAG","GAGGCAGCCAAGGCTGGGTAGCGACTGCTGGTAACTGGCCCCCGGAGTCG","","TRUE","DUSP22","NM_020185","TSS200","","","","6:236882-237965","6:291596-292679","Promoter_Associated","","cg15383120","chr6",291909,"-"
"cg08932727","0.533238510398541","0.589253832371966","0.606322929498341","0.539691485072614","0.515269389120065","0.586147557965387","0.543625205603328","0.518235967891307","0.539229308825097","0.503619468455074","0.566997242650102","0.584980287760156","0.509288901748881","0.533110037144828","0.491466297575501","0.496146845686305","0.554445858687741","0.475023683559132","0.457885283247588","0.476481956182381","0.495207174098463","0.511825580317773","0.4413862041649","0.466406160565727","0.537025246871196","0.0103971037102593","0.538186456261165","0.526488052151179","0.494604644191352","0.480728742213337","0.488472726976026","0.490781465038002","0.579104120677155","0.609666581386584","0.64299555180263","0.507408617136124","0.0226634690385863","0.0164174635995673","0.074129320068503","0.521744967345876","0.521674494194792","0.535785272546182","0.566080941112955","0.570255608662703","0.592021441496635","0.505108636247721","0.549589130173288","0.036545184917499","0.47866001527126","0.469160054560386","0.502681851362254","0.449161901895112","0.528865389554577","0.598491111052498","0.51875799235815","0.545758763349104","0.490865819122338","0.433015338559219","0.0117857319817623","0.0123139362148028","0.022288581434409","0.500917563816794","0.488782544212798","0.0315853045952841","0.0310958647332681","0.488813901623034","0.562590681093473","0.027853829476405","0.481622164559334","0.530450677636665","0.507592713893697","0.522028933902365","cg18110333","GACCATTTCCCGGCATAGGCTCCGGTGCCCCTGCCCGGCTCCCGCCGGGAAGTTCTAGGC[CG]CCGCACAGAAAGCCCTGCCCTCCACGCCGGGTCTCTGGAGCGCCCTGGGTTGCCCGGCCG","CGCCGCACAGAAAGCCCTGCCCTCCACGCCGGGTCTCTGGAGCGCCCTGG","","","DUSP22;DUSP22","NM_020185;NM_020185","1stExon;5'UTR","high-CpG:237033-237532","","","6:236882-237965","6:291596-292679","Promoter_Associated","","cg18110333","chr6",292329,"+"
"cg07332563","0.527511577440983","0.588590468845646","0.5859367841598","0.476919488270862","0.522239025282207","0.48494252522392","0.465385976636931","0.507493984666152","0.499440268454848","0.445618412145009","0.553616322081733","0.555741078097496","0.480373235896767","0.492454383956169","0.487866676228411","0.531416489171605","0.527018892735577","0.444822887511314","0.406788583258575","0.481102754431689","0.51172887534708","0.493837773698775","0.480753782256875","0.414874175640085","0.47260595424395","0.0845400915750966","0.487539847420656","0.446719610477861","0.484438705285958","0.426070815179244","0.505744568297051","0.461773436534337","0.638561322763751","0.602783229149777","0.558540143233643","0.505793853075335","0.116614051146991","0.105367211453372","0.118164337644395","0.45600649973183","0.532210143238809","0.468491191972168","0.531625009678188","0.438408771420114","0.566028220869766","0.498788664106683","0.546567539913022","0.108482856329185","0.489820935139193","0.458346093400244","0.458836586203521","0.497621472342882","0.471487746408526","0.51933714459706","0.530100605644623","0.533721193148754","0.506295604773911","0.419324293170092","0.0753425227717855","0.0694550323454349","0.0929627397105176","0.518244582389465","0.509602529683238","0.0791813751517688","0.12645427275668","0.444877001227971","0.56775954022263","0.109867637033057","0.436628750704797","0.514318130400568","0.482720827628128","0.507998758780612","cg05064044","AGGCCGCCGCACAGAAAGCCCTGCCCTCCACGCCGGGTCTCTGGAGCGCCCTGGGTTGCC[CG]GCCGGTCCCTGCCGCTGACTTGTTGACACTGCGAGCACTCAGTCCCTCCCGCGCGCCTCC","CGGCCGGTCCCTGCCGCTGACTTGTTGACACTGCGAGCACTCAGTCCCTC","","","DUSP22;DUSP22","NM_020185;NM_020185","1stExon;5'UTR","high-CpG:237033-237532","","","6:236882-237965","6:291596-292679","Promoter_Associated","","cg05064044","chr6",292385,"+"
"cg03624871","0.441906978368063","0.518506172052305","0.509381935339307","0.410056479768709","0.478004766946","0.524752242484135","0.393244245430073","0.42548842128968","0.43257509337676","0.461298266263487","0.5598278288161","0.546369280297213","0.398480612453664","0.441571875651295","0.402923596286438","0.425493043303446","0.490211691722898","0.389880285663351","0.355743483799509","0.393348329808844","0.406687673141135","0.426413828906865","0.372731023058794","0.354767648885412","0.483392980460153","0.058664985956307","0.461683387017206","0.328619060190585","0.385750481989175","0.366054773138116","0.337823369782289","0.476969409970373","0.458657953394924","0.493945148783583","0.502322339247521","0.471080235523388","0.0464367646116846","0.0546187132468507","0.0687556584203608","0.391624505942303","0.502411550338832","0.418107865512773","0.563559260968177","0.419800243072751","0.53151310490762","0.434013741519749","0.506082880519246","0.050382321174151","0.442125604109448","0.354408926896587","0.30355868358545","0.402484168988642","0.463178736533532","0.423192497895551","0.470398767087119","0.498851271708707","0.346134675838922","0.431396219840666","0.0524764672878699","0.0549785093118659","0.0716684560211756","0.425933268428319","0.424923051289612","0.0527090606864436","0.0843026417902373","0.433500287619556","0.456263704277452","0.0719330064233954","0.39422098255083","0.493260797639069","0.482331079265169","0.392587845139036","cg11235426","CCGCTCCTCCTCCCTGTAACATGCCATAGTGCGCCTGCGACCACACGGCCGGGGCGCTAG[CG]TTCGCCTTCAGCCACCATGGGGAATGGGATGAACAAGGTAACGTCTTCCCTCGTTCGCGC","GAAGACGTTACCTTGTTCATCCCATTCCCCATGGTGGCTGAAGGCGAACG","","TRUE","DUSP22;DUSP22","NM_020185;NM_020185","1stExon;5'UTR","high-CpG:237033-237532","","","6:236882-237965","6:291596-292679","Promoter_Associated","","cg11235426","chr6",292522,"+"
"cg05141695","0.465766802018154","0.502333748429227","0.510060820086436","0.425589678603619","0.486144782578751","0.496717766391113","0.446900805978916","0.483556881376328","0.457907191445354","0.442735202669069","0.514621381335395","0.448832093316771","0.478314420350171","0.427668993208343","0.480529256698502","0.485006587296316","0.461678878058278","0.442216505177876","0.40103984342879","0.432088593657211","0.440521864937864","0.495205539192412","0.447490667105903","0.407076503763032","0.400554152599644","0.117879100449078","0.468933136889712","0.398944486226708","0.436430737252839","0.428268949111528","0.425743056363964","0.432703324285939","0.418692807213499","0.465188182319361","0.433522240505099","0.42253965229071","0.039753784899091","0.0618932744071505","0.152279782420991","0.448990691159244","0.474864757016234","0.464065104101113","0.538980766875498","0.454447273919846","0.476476978666648","0.534814943172736","0.463830318980351","0.0592810199185722","0.460410919168373","0.403967651945621","0.365031000515356","0.451178778139972","0.437992363835512","0.461672501893593","0.451496459099609","0.46882278043741","0.451972925622042","0.403260620881376","0.0501767398776102","0.136398938994706","0.04812069128082","0.444202372385427","0.436879747335228","0.0806258949154615","0.0883424364773757","0.419782716770631","0.394385863817118","0.118135230959777","0.466689026343668","0.469280715106721","0.468106763660768","0.415411074377111","cg01516881","CACCATGGGGAATGGGATGAACAAGGTAACGTCTTCCCTCGTTCGCGCTGGGTTTGCCTC[CG]CTCCGACGCCCTGCCGTCTCGCCGGCGTCGGCTGCCCGACGACTCGAGCCCGGGGTGCCC","TGGGATGAACAAGGTAACGTCTTCCCTCGTTCGCGCTGGGTTTGCCTCCG","","","DUSP22","NM_020185","Body","","","","6:236882-237965","6:291596-292679","Promoter_Associated","","cg01516881","chr6",292596,"-"
"cg05698911","0.500003692377035","0.455270881163986","0.700533350346292","0.496235573059424","0.42076752737644","0.451270594918295","0.402903101647921","0.41499180752854","0.472931261640118","0.452533260033353","0.452812294453904","0.464536767164996","0.448786376956362","0.413262518630678","0.427247984612342","0.474702866388547","0.446155933170579","0.367106254959678","0.418098014121098","0.385670793847985","0.4151282501206","0.446281576626294","0.404567600867589","0.382021538190094","0.498961955977349","0.0105504175121898","0.525532040879277","0.414757974473051","0.470601308643862","0.458739173278586","0.430520770478837","0.465884861325446","0.492104272492476","0.512975097483437","0.589693689420871","0.448182401030869","0.0337968633961567","0.00882176081456811","0.0474681879447781","0.346678617150847","0.465760483467708","0.464536671935932","0.473718968634262","0.455609457840034","0.470478113505266","0.466434043536692","0.548732825517765","0.0141022048690626","0.424520487149287","0.351009665967161","0.412955719791157","0.411838751568129","0.476454645432329","0.48094599809186","0.494902637690511","0.41877798421032","0.441242529576081","0.420794543723508","0.0151347450623594","0.0161094981229804","0.0326461107375366","0.413932759743891","0.426157744910137","0.019429334278018","0.0133377409925681","0.416251745288494","0.50848522389476","0.0222569920176742","0.378742802239965","0.494742506829676","0.421059641938686","0.441058006321015","cg26668828","GGTAGGCAGCCCCCAGCCGCCTGCCTTGCCAGCCGGTGCGTTTTCGTGGCTGAAACAAGC[CG]CGCCCTTTGAAAGCGTTGACACTTGTTCTGCCGAGAGGTCAGCTGAGCTCCGAATGGATG","CGCGCCCTTTGAAAGCGTTGACACTTGTTCTGCCGAGAGGTCAGCTGAGC","","","DUSP22","NM_020185","Body","","","","6:236882-237965","6:292711-293164","Promoter_Associated","","cg26668828","chr6",292823,"+"
"cg01773443","0.336166541909393","0.377905432814961","0.3628407469495","0.336220728270317","0.342068440010151","0.416794016811653","0.326537829595778","0.301845429528825","0.313120470501954","0.2667434303411","0.434614189776654","0.364564837071159","0.358658190788144","0.29313003492334","0.322098943613387","0.349074844745087","0.377588444553958","0.286042783860653","0.26653444622755","0.286615423055245","0.261859071793632","0.382668936382842","0.305872127090469","0.327516445423543","0.407794192102364","0.0844431664567997","0.385981742443153","0.356788548645958","0.408181781032394","0.264193023712287","0.299592365754115","0.366531693476296","0.37117212223362","0.453989921789567","0.444471874444423","0.30520323861853","0.107347922032814","0.1140290337136","0.124528462657306","0.301497532243884","0.387798896111751","0.340649712095602","0.466045196216093","0.324620401458506","0.382445039921792","0.323131656949033","0.376959646078927","0.113899955005737","0.382696225277552","0.26869576831037","0.334600089222197","0.35974861034448","0.390572045666942","0.424057377086607","0.375181871945798","0.332475324746084","0.295393723264507","0.323664656701576","0.0899095923418128","0.128784721501429","0.130787786726271","0.386179656998708","0.410516989167327","0.113213943189858","0.0720203668895521","0.279565930313007","0.346848396204054","0.12354247977744","0.299775016507947","0.348941173939426","0.361497192918481","0.309786746254357","cg01171360","CCCACCCTGTGTTCTTTTGTTGCCCGCACCTCACTTCCCGGGCGGTGGGCTAGCCTTTCC[CG]TCCAGGGAAGTTGCCAGATTCCAGCTCTGGCAGCTGAGAGTTGCCGGGGTGTATTCATGT","CCCGGCAACTCTCAGCTGCCAGAGCTGGAATCTGGCAACTTCCCTGGACG","","","DUSP22","NM_020185","Body","","","","6:238210-238332","","","","cg01171360","chr6",293285,"+"
"cg01171360","0.136767095981242","0.123154686153065","0.159446141308543","0.042723781311145","0.0604235539331874","0.0450787842606668","0.137020791389231","0.0632388706110094","0.101335529768417","0.0806810406374395","0.0698988794928576","0.0909835317574548","0.216670259181281","0.185324029661274","0.204368381710875","0.0760389816678457","0.0982837971365314","0.131359069959654","0.110075564361995","0.129245132516743","0.322159440075776","0.166617266448988","0.171585844360044","0.122524559661175","0.109653187178371","0.350417547576382","0.222662152393044","0.253754535245575","0.294138837937485","0.407326869745243","0.486211829203024","0.142659708708068","0.146926648354925","0.0921927785843665","0.0893859561136746","0.198696832605387","0.286911198838906","0.213039576439217","0.363232025669884","0.145803776813567","0.075217096398443","0.174846361535161","0.129539817332689","0.0702281538688087","0.198984729203427","0.205999234752219","0.0735765690833141","0.388579678443629","0.120451233649485","0.108026710509696","0.296449660502568","0.262853359569055","0.0743222468987393","0.0893915491791766","0.276433951620489","0.219857059823275","0.447230167704807","0.147642530700795","0.556076440503255","0.539747388844543","0.540796438529321","0.251153661712293","0.183678694831336","0.334381401234907","0.409107010981373","0.142502228078801","0.076862088270466","0.267644105144022","0.137844577192569","0.147003763030826","0.327947633928323","0.388898174614298","cg26220725","TCTAGTAAATGTCTCTGGTAAGATTAGGGTTAAACTAAACAGGGTGTTGCATGCAAATGT[CG]TGTTCCTGTGGAGCCTTTGAAAACTCCTAGTTGACTCAAAGTTCTCTCGAGTCTGAACCC","CGTGTTCCTGTGGAGCCTTTGAAAACTCCTAGTTGACTCAAAGTTCTCTC","","","DUSP22","NM_020185","Body","","","","","6:296509-296694","Unclassified_Cell_type_specific","","cg26220725","chr6",296538,"+"
"cg01516881","0.227667669195834","0.28117409957293","0.18939294862827","0.219654837938023","0.153273704017411","0.185072594192391","0.25448171537007","0.220497206770106","0.223779605736809","0.248731371308506","0.159709580610821","0.29270630979574","0.269837501290502","0.289797816636007","0.23348682997317","0.203180829810776","0.165573058621414","0.327332774199625","0.344618216678571","0.364123456448334","0.381643493525574","0.300721472729629","0.237334127313213","0.264299225082264","0.210387262609024","0.327360307499014","0.296367927293641","0.353532347245622","0.365985921095411","0.335520483527252","0.399924855080382","0.31372914987827","0.227041819321756","0.169462355817949","0.205622590311872","0.221895331053236","0.299938419396499","0.232763690728792","0.332250795241949","0.269403009559165","0.180189303828949","0.237037400036264","0.237090745291351","0.254652876321818","0.283281156743505","0.30709417252516","0.188876038768665","0.295133635913503","0.289701831025884","0.350182035760023","0.422077827596604","0.341233797466552","0.194860009013961","0.213693567960282","0.286463299819416","0.283157075179347","0.361423860951218","0.283780283244196","0.354147512392973","0.433647104798039","0.395268528779146","0.363402738998361","0.309869652887132","0.361458091395009","0.375427771600198","0.263089055027741","0.205836818988728","0.335697869406753","0.414890666086399","0.243636096521903","0.378854505705906","0.315372201927029","cg10270150","TATTGAACACAGTCAAGACACTGTGTTAGATCCTGTAGTGAGCTGTTAATAGGAAAGACA[CG]AAGACCCTGCCATGCAGATCAGTCCCAGGCAGCTTGGAGAGGAGCCTCCTGCAGGAAATG","GAGGCTCCTCTCCAAGCTGCCTGGGACTGATCTGCATGGCAGGGTCTTCG","","","DUSP22","NM_020185","Body","","","TRUE","","6:297939-298146","Unclassified_Cell_type_specific","","cg10270150","chr6",297974,"+"
"cg13719228","0.760452118341121","0.7648829719594","0.65467479092429","0.778180252660649","0.805704852712247","0.827562962315462","0.736158546010891","0.838514900795995","0.791610589722616","0.827910556066173","0.811077331913569","0.858374503416298","0.74715761114431","0.7613600159594","0.684730920757246","0.768856986506066","0.753754612352672","0.80404614640543","0.826892337651287","0.843880984186347","0.726549957947047","0.833675890688766","0.829721356736084","0.826304933587942","0.829871596719041","0.661294706191213","0.818073536942827","0.818038842993527","0.801151440439644","0.86964452582577","0.80221801278239","0.855211392296681","0.749525123288726","0.829907057255385","0.807524554451233","0.716091087169598","0.710228875090488","0.699002369452279","0.740238905226733","0.813196754606435","0.796337012337325","0.758767239882779","0.790439615502889","0.821248062604802","0.747188543847756","0.702497123465577","0.787504924890384","0.710307353776656","0.826132363599399","0.809206521482595","0.843690645795213","0.762128813522009","0.79768516385978","0.786305220533085","0.734780083993097","0.754219513395219","0.763014157665833","0.806704057422952","0.679660783336085","0.747586968994134","0.760350916358203","0.825212503547599","0.7737441521294","0.686593493175798","0.817613676407641","0.745865599759687","0.794245635763894","0.839318962293145","0.798923088073353","0.767620384874108","0.847711568220895","0.77923936802312","cg26822870","CATCTTCAATTCCTTTTAAGAAGTTGCCTCCTCAGGTCAGACTTCCCATCCTTGCCAGCA[CG]CTGCTGCAGCAGCTCCCCAGCACTAGGCCCATGCCACAGGTGTGGCCGGGCACCGTTTCG","CGCTGCTGCAGCAGCTCCCCAGCACTAGGCCCATGCCACAGGTGTGGCCG","","","DUSP22","NM_020185","Body","","","TRUE","","","","","cg26822870","chr6",299762,"+"
"cg11235426","0.586769195725129","0.607227845254083","0.627694767432257","0.618400784599843","0.563352725878404","0.574742820202091","0.619449390385587","0.620957494103593","0.585682125682464","0.585438340672163","0.620332180945759","0.67368713999045","0.582157008667067","0.686704036005559","0.564251534379977","0.601853746048167","0.604778644339101","0.642774585314999","0.614873814704009","0.698502173899149","0.634655892353771","0.618050737756248","0.613098446187567","0.62499023061394","0.591244670657137","0.60969753823438","0.639310796308254","0.638696692233403","0.565293687795143","0.632079130528386","0.627119110680248","0.710325463549822","0.618577048749826","0.674280568176568","0.620983447738082","0.577961910812818","0.593748318793243","0.603255872765056","0.638274438895408","0.650878360286963","0.631749880608336","0.619653058133399","0.564815234710038","0.664036532956544","0.674054001006688","0.7191449710667","0.589531145840452","0.684407824478793","0.663747325974076","0.699338878407669","0.683836377016389","0.640154364116162","0.604786059577878","0.638264009984316","0.666550553035238","0.637598996101993","0.667326042215106","0.707714088012954","0.674774826320348","0.757009368780048","0.661690914575094","0.694464865283459","0.587876161844283","0.650476834786682","0.684146784742302","0.622603967135956","0.611939093454815","0.670510865223826","0.648171299765046","0.62297374353622","0.63788292665625","0.709329350416079","cg24319143","AGAGAGCACCGTGGGGCGTGTGTGGGTGTCCTCATTTGTATTCCGTGGGAGTACCTACGA[CG]TTAATGAAGGCAACCAGGTTCTCTCCAATGCGAACGTACTCCTGTGATCTCTGGCGGCAT","ATCACAGGAGTACGTTCGCATTGGAGAGAACCTGGTTGCCTTCATTAACG","","","DUSP22","NM_020185","Body","","","","6:257009-257134","","","","cg24319143","chr6",312026,"+"
"cg18110333","0.880278692311549","0.860547746617824","0.834126197545763","0.869667448036821","0.871396443527983","0.843226091767841","0.825970205028167","0.874362626963161","0.883824536898691","0.846448703003114","0.84386884063176","0.887334491333306","0.895682554596556","0.887692529945173","0.874562611690373","0.868401383130916","0.848304232340776","0.860571302221671","0.877740371798932","0.900533701277334","0.873568152209714","0.846599112133918","0.876521322552848","0.831834759795466","0.855943013910905","0.913089861413728","0.839652578119994","0.878319379486245","0.873840488159937","0.87032115767168","0.874830754024609","0.895823807781598","0.89227719399166","0.866524106362197","0.837653889243267","0.851763039890659","0.889398964939521","0.879998248133923","0.887909972114126","0.894857067560241","0.845919522840643","0.85732589985531","0.864740462968635","0.873168164761032","0.862933699007664","0.904886277394952","0.835143202667525","0.880413741212696","0.861023214173631","0.872307660132745","0.897707786680861","0.905105070701493","0.841660957175288","0.837296897461952","0.899547569029054","0.899359514074471","0.870807426979294","0.864822434694513","0.894989359969308","0.874085818399973","0.884958020913528","0.874235774855295","0.836727489320429","0.909974021829217","0.895263982109108","0.872050093583318","0.859188813196167","0.876021436377985","0.866771261137298","0.892924075816761","0.859052076852001","0.871594449509318","cg18134411","CATTTGTATTCCGTGGGAGTACCTACGACGTTAATGAAGGCAACCAGGTTCTCTCCAATG[CG]AACGTACTCCTGTGATCTCTGGCGGCATTCCCATTGTGTTCAGGCCGTGTTGATGTTAAC","ACGGCCTGAACACAATGGGAATGCCGCCAGAGATCACAGGAGTACGTTCG","","","DUSP22","NM_020185","Body","","","","6:257009-257134","","","","cg18134411","chr6",312058,"+"
"cg16305516","0.839101551218725","0.928018734179024","0.869601804060506","0.844534983853394","0.928094924275752","0.88766517857131","0.920362681817885","0.947707396306866","0.888037559368371","0.860229566297835","0.879454178110909","0.905681877236049","0.931754554352955","0.912406989673893","0.891171336462308","0.91357460250655","0.864411851535388","0.927150531535849","0.931158219418652","0.881190366424712","0.878962859804688","0.904409748656256","0.806903982203739","0.854820935987878","0.90735069400267","0.923569556071034","0.91076073523487","0.879531439655487","0.924339265348412","0.901032389790402","0.906465191526438","0.944496462914633","0.898432268026971","0.925534957746607","0.912924789136533","0.90520454654883","0.911460241876738","0.879221136806674","0.923373487990852","0.932605096717028","0.863649837070943","0.885610342087217","0.869430619213475","0.871966409407539","0.923013750007608","0.865124793725528","0.837073679528518","0.885779260035521","0.937235542397129","0.885132495115919","0.859855808667692","0.915032127734416","0.865517242633199","0.844864104443469","0.932696277524546","0.891325528608328","0.869662225608811","0.898978928464752","0.863254763465405","0.920127903481332","0.951954416174506","0.852175545446502","0.865214410168696","0.88939437294299","0.932894098113476","0.863123524786851","0.870392443665259","0.94237527558211","0.889726984658004","0.865062436849618","0.850184145053178","0.919559657747509","cg11787218","GTTCTCTCCAATGCGAACGTACTCCTGTGATCTCTGGCGGCATTCCCATTGTGTTCAGGC[CG]TGTTGATGTTAACACGCTGTCTGTAGCGTGGCGCGAGGGTGTGTGCTTTTTCTGATCACA","CGGCCTGAACACAATGGGAATGCCGCCAGAGATCACAGGAGTACGTTCGC","","","DUSP22","NM_020185","Body","","","","6:257009-257134","","","","cg11787218","chr6",312105,"-"
"cg11170393","0.585036891599874","0.509696044558964","0.618376473834672","0.556313813047235","0.437818668531225","0.46939269505179","0.570385376154306","0.523609815394852","0.486748179550558","0.586382117231386","0.393832286040033","0.504470876307104","0.667722420070134","0.653382469929064","0.664170812683175","0.494654801989041","0.471594017863283","0.603932677394287","0.532221724475002","0.565595619042657","0.661099870532655","0.66959754289767","0.786230554294784","0.667530502672071","0.60048854762123","0.755159533783875","0.677284198616635","0.710697893261976","0.59772880330967","0.676665510866823","0.859341573256357","0.614721151002366","0.583334543894594","0.401249235158959","0.406706959829286","0.67385494451855","0.759193094977349","0.69872781519602","0.765523830576907","0.583588744376969","0.522552149220624","0.556100354792021","0.531806385268641","0.515083833322892","0.669029067845753","0.6389475925242","0.428107956126189","0.778677946403674","0.606181356390846","0.648035116015688","0.794750449841212","0.608521109571307","0.454089275252583","0.54940342159194","0.759134325013503","0.708969470561263","0.828816204728326","0.595617908017075","0.871972909626891","0.840650097905094","0.739770963814967","0.650817622929517","0.724701133323307","0.724840121751047","0.762039999779901","0.713724594157034","0.460785244340092","0.736735001301032","0.606981979451718","0.51919936979547","0.634835528173608","0.65928074559925","cg18120979","TTGGGAAACCACAGGCTAGCGAGTAAAGCAGGTGGGTTTGTAACCCAGGTATAAAGAGCC[CG]CTGATTGTGTAAAACCTCAGAGCTGTGGGCAAACTGTGTTCCCGACACAACACACTACAC","GTGTCGGGAACACAGTTTGCCCACAGCTCTGAGGTTTTACACAATCAGCG","","","DUSP22","NM_020185","Body","","","TRUE","","6:313061-313529","Unclassified_Cell_type_specific","","cg18120979","chr6",313464,"+"
"cg15383120","0.814441493656397","0.795031876218715","0.772059893312188","0.889363286505118","0.88302092549535","0.810647333392064","0.805750654011538","0.825100278006264","0.879180473952335","0.854168175694909","0.872442978114636","0.859100941283536","0.774249705874499","0.828560361530301","0.753137603416038","0.805408590554523","0.800625362866517","0.827474129167868","0.843308957933318","0.804151020934682","0.763510356333562","0.793349964411425","0.864434035126504","0.827047645908051","0.866852717618237","0.668003617326905","0.800909491389982","0.815759217602649","0.776208905488366","0.802794221929434","0.755225110487132","0.834776312277071","0.786585731188404","0.862979121207876","0.896983039113873","0.792146347145698","0.720355880583404","0.848577676840004","0.740638902547839","0.70997359275436","0.869704368866143","0.802361888900925","0.811002072226508","0.893974433341283","0.770059827863414","0.754705362773279","0.834718553652359","0.643171090134153","0.833222658474025","0.904049026332492","0.799389944924438","0.811810167304084","0.857969419532461","0.865678076898396","0.785633845611945","0.698192594590799","0.744133621601005","0.814913129361582","0.756849327887583","0.645227666819935","0.75730206542986","0.809329465359608","0.761933367932045","0.766833681636008","0.643622874312768","0.891884460138491","0.848216161317237","0.771902341850843","0.835515754347388","0.867357998379017","0.801242241881532","0.747245098131598","cg03624871","GGACTTCGGCCCCTTTTCTGTAATGTCTTCAGTTTGTACTCTCAGTTGGGCCATGAGACA[CG]TGTGCACTGTCCCTGCTTCTGTAGGATATTAAGCATCCATTTAACCTGTGCTTTATGACG","CTTTTCTGTAATGTCTTCAGTTTGTACTCTCAGTTGGGCCATGAGACACG","TRUE","","DUSP22","NM_020185","Body","","","TRUE","","","","","cg03624871","chr6",317607,"-"
"cg23208850","0.946479269398232","0.933169500981986","0.945327362270287","0.932185004211256","0.96308828786349","0.959187733719366","0.971458736833295","0.934170579452917","0.956270817917138","0.946260004987804","0.963582715066233","0.938832469367877","0.922205049700765","0.978099615473299","0.966266366685458","0.959998759502151","0.952650287920943","0.940437935929337","0.961561393209087","0.958277868865742","0.952113781022387","0.953159564704129","0.934227402770345","0.917874210129611","0.955601241297672","0.946866191891041","0.974604754839047","0.922829398337183","0.928032599497113","0.962528134902518","0.92132412191745","0.973647252651136","0.967994018993912","0.970005117220888","0.923736304469248","0.959087828248296","0.910157176833704","0.942669362784565","0.947265613989185","0.962249443273279","0.940584855677603","0.941319683455008","0.965072762567515","0.947418179799782","0.960635982849615","0.948859618976908","0.944946399949799","0.939067436641","0.953428095804423","0.946061867331673","0.961183234783834","0.955890877935051","0.958971653335734","0.923542025689312","0.93775927451115","0.946042916381984","0.946347833599906","0.965766236348452","0.965183176004094","0.953844792468414","0.946253778702173","0.948971536442067","0.926689796046289","0.968240665142757","0.95581215785059","0.96568489264076","0.943744057568075","0.937757633182974","0.965914491181056","0.958078877274131","0.933248096619285","0.90549580324693","cg20143970","TTTGTTCTCAGGTTTTTCCCCGGCTAGTGGGGGTTAATCCACAAGGCCCTTGGCTCCTTC[CG]TGAGAGGTGCAGCCACTATCAGTGCAAGGAGAGGACGCGGGGAAGTGGCTCTTAGGGCGT","CGGAAGGAGCCAAGGGCCTTGTGGATTAACCCCCACTAGCCGGGGAAAAA","","","DUSP22","NM_020185","Body","","","TRUE","","","","","cg20143970","chr6",323570,"-"
"cg11787218","0.711848623580154","0.697254365619942","0.701165893405579","0.719547771228914","0.722985777561027","0.693504589167899","0.653527716581011","0.754400428235437","0.701732670978394","0.71569168648664","0.747643760971895","0.669342000688201","0.692146892629615","0.683608976538268","0.614750211603137","0.652708105688611","0.670718194313268","0.688029157239446","0.697876845928163","0.612115022285982","0.620903131496199","0.660153179803278","0.773748703089006","0.737734777168485","0.731488261008163","0.619951162251609","0.701081267760799","0.732552803124335","0.723885621980636","0.725160629102941","0.731116275668315","0.721467856240702","0.691778282189901","0.708966479207692","0.721818313315508","0.717005075573037","0.708121109442796","0.757763257332387","0.663871745378882","0.58435709876474","0.723409196924952","0.680232652116534","0.672131640609126","0.714906985273087","0.680398927730936","0.688914874537783","0.6857705326875","0.685329181650366","0.686091009185764","0.683634845045873","0.769091523927426","0.662689604805387","0.664471308529256","0.7206813750458","0.668330781759572","0.629738659272678","0.648901207592987","0.686717384655364","0.691576674566233","0.668459519752553","0.765742207822024","0.68501872803033","0.706907706893523","0.656998865316543","0.670487900713393","0.827292480087263","0.728728698647265","0.753458531251843","0.677100328471994","0.741596186615849","0.758651499856427","0.677692619179327","cg08932727","TCACTCATGGCAGTTTTTTGAGATGGGTTGTTCAGGCTTCACCTTCATTAAGTAATACCA[CG]GAATGCCTTGGTCCCAAGTGACTGCTGAAACTGGCCCAGTTTTCATGAGTCACAATTGTG","CGGAATGCCTTGGTCCCAAGTGACTGCTGAAACTGGCCCAGTTTTCATGA","","","DUSP22","NM_020185","Body","","","TRUE","","6:328010-328433","Unclassified_Cell_type_specific","TRUE","cg08932727","chr6",328182,"+"
"cg21548813","0.943759499999976","0.986466107712866","0.955154919918684","0.929581048867335","0.955818735894861","0.966035815456869","0.97635491589781","0.972116119974493","0.950187153976904","0.955300175481696","0.947729918229926","0.970335076914111","0.942359603112038","0.960349850451175","0.914721126828112","0.941407357710353","0.963878841834842","0.967445101310841","0.91264125937283","0.956725691646823","0.931966003594076","0.958944345311657","0.968668832141095","0.976380548996787","0.938040713255247","0.956228517223989","0.949840055462084","0.979764758657089","0.931177389186394","0.9246952744035","0.975822975927688","0.924742501961923","0.927867551627618","0.967709726673009","0.952775581890359","0.967243395408297","0.93528650349764","0.975197679325427","0.964792422760616","0.973549624036512","0.942863034847427","0.972273549181921","0.959299349654224","0.975315375178886","0.968859703332472","0.917078056058125","0.941671513694338","0.977688212305208","0.948709453190195","0.96891920721605","0.961042095250191","0.931466160854363","0.949317019113542","0.937566010898308","0.984207243888053","0.969406987857403","0.913815536559627","0.885211704286398","0.926286639654925","0.946626684858236","0.919774807765881","0.937325228892548","0.94137864717529","0.949473140983491","0.94068921428624","0.903661050963245","0.962091552193804","0.971743643465293","0.968236398652053","0.967310847610743","0.939136513513483","0.947551365409427","cg05141695","ACCGCGGGCAGGAGCGGGCATGATAGCCCCGGGCGCTGTTTGGTGAGTTTCTAACGCAAG[CG]TGGTCCGGTCCGTGCTTCCTTGTGCAGCATTCGCTGGCTCTCTGTGGACTGAGCCTATTC","CGCTTGCGTTAGAAACTCACCAAACAGCGCCCGGGGCTATCATGCCCGCT","","","DUSP22","NM_020185","Body","","","","6:286149-286328","","","","cg05141695","chr6",341180,"-"
"cg03395511","0.424085127041523","0.492509121293691","0.448185930967728","0.425882042083095","0.373690914999511","0.366766758163761","0.493341379584801","0.396871977226977","0.402615156581037","0.451132434776743","0.426488633570838","0.522425476505767","0.495228202973909","0.470475138343784","0.46042774264237","0.470558094039324","0.470539994460039","0.533621182489991","0.503817601226763","0.533047016994318","0.564321065243685","0.457748995115773","0.400956171647513","0.432351037694597","0.420783939345126","0.58223857705703","0.479300446774668","0.419918741291774","0.456904928666985","0.464426883321378","0.568781046235308","0.51269130790456","0.548599154617761","0.401109689814953","0.416461517701461","0.482785314644141","0.52540461077637","0.473311979039033","0.525891940886561","0.500268154528899","0.394416137557512","0.458605926005305","0.417537683540893","0.453182731395518","0.505469245295914","0.515150738181924","0.421812539226121","0.582294164113581","0.472248641513879","0.53529606250897","0.530320848511284","0.537751630121824","0.450107160369809","0.376711202033976","0.519542008939415","0.514580722478662","0.541450591298178","0.424690170489046","0.580284532860422","0.564082337625879","0.530153786097109","0.463258665865896","0.447918107508752","0.552118403226794","0.502796869739974","0.393037299550454","0.38268074155833","0.519994182721127","0.460324464007169","0.473630637185621","0.461370070548554","0.431455218870773","cg13719228","GTGGACGTAAAGGTGAACTGCCGATGAAACGGAGAGCAGGAACAGGGAACTTGTGTTCAT[CG]AAACAGCTTGCGGTAGGATAGTGCTTCAGACTCGCACTTCTGCTTCTAACTGCAGTTGAG","TAGAAGCAGAAGTGCGAGTCTGAAGCACTATCCTACCGCAAGCTGTTTCG","","","DUSP22","NM_020185","Body","","","","6:286149-286328","","","","cg13719228","chr6",341315,"+"
"cg26822870","0.968829671495948","0.959460796409599","0.965962024489007","0.943969639564203","0.951310799435904","0.959571807853423","0.974204079773368","0.952048240255262","0.954856534950368","0.953454529142833","0.970423771180238","0.945208152034315","0.945301353558365","0.957827689015077","0.955917369259973","0.975944897578204","0.964688472726175","0.960429147716539","0.980607722678898","0.961997612591372","0.978173075074143","0.971813782026602","0.951946590124445","0.959624116270419","0.958245738030126","0.946809779688528","0.932895596743205","0.958491729541637","0.96392536355071","0.962620927182302","0.976961894802705","0.952137665309566","0.962442147928304","0.944193953856013","0.959243098336582","0.926820288834652","0.961817954326728","0.946830599603249","0.946437623085926","0.954510462176882","0.96665961838645","0.955197887251405","0.958330819517854","0.969419990768038","0.982688163684405","0.969233558262418","0.963701932706279","0.978708183363955","0.954369513035751","0.931654871177805","0.949657526515668","0.974306530455103","0.963918911505431","0.954606345098729","0.938533997599156","0.964526585066781","0.978935289670344","0.947655274995539","0.940035035397843","0.960140720023262","0.962365316668123","0.964212271937565","0.96164251706376","0.958038795656745","0.939056634054553","0.943796557868505","0.96304455538354","0.958120869890062","0.956758815850973","0.957603318707509","0.950945564654511","0.910725610439852","cg24325581","TCTTTTCCCAGGACAAGACATTTCAAAGAAAGTATTAAATTCATTCACGAGTGCCGGCTC[CG]CGGTGAGAGCTGCCTTGTACACTGGTACGTGTGTCTCTTGCTTAATAGCGCCTTAGCGTA","ACAAGACATTTCAAAGAAAGTATTAAATTCATTCACGAGTGCCGGCTCCG","","","DUSP22","NM_020185","Body","","","","6:290897-290973","","","","cg24325581","chr6",345903,"-"
"cg16103275","0.821146146651189","0.851541975077529","0.831972990547041","0.849872229115028","0.808512639536848","0.803072137838795","0.843367653676031","0.856276083166531","0.852269205661038","0.895376685489446","0.826492331402494","0.899358073967823","0.857279186033726","0.848846667694511","0.857001199743335","0.84863499493123","0.797613607750975","0.861415936445313","0.880267713873154","0.885324153950293","0.877061262742595","0.855860376256959","0.839492393182669","0.830050937503272","0.84892174207737","0.864124799942871","0.865712019512988","0.877531975763698","0.873123031378773","0.890043489188611","0.872021873181694","0.906820381344922","0.821046791286869","0.823568624932076","0.801181594178205","0.806638918733647","0.849086255958763","0.841833352827349","0.838772662918083","0.88798500929804","0.797375652145348","0.850690794610633","0.838177740020925","0.845678365888989","0.85158877094605","0.838046631157592","0.862243539136947","0.850542489955626","0.884914799791253","0.909879463938173","0.849899016884211","0.894008208229533","0.861040517907759","0.850292890495917","0.866319419651494","0.867644829643243","0.911166755594654","0.87879847245111","0.898841007848268","0.885144100796179","0.854749236021068","0.868452921558874","0.882665399621786","0.867752372074108","0.860893699415331","0.821625741217847","0.826522904803324","0.890350764629205","0.871787124448211","0.829803395812426","0.863846782257542","0.874556496118993","cg16305516","AAGTATTAAATTCATTCACGAGTGCCGGCTCCGCGGTGAGAGCTGCCTTGTACACTGGTA[CG]TGTGTCTCTTGCTTAATAGCGCCTTAGCGTATTCTGGTCGGCTTGGCTTCCCATCAAGTG","CGTGTGTCTCTTGCTTAATAGCGCCTTAGCGTATTCTGGTCGGCTTGGCT","","","DUSP22","NM_020185","Body","","","","6:290897-290973","","","","cg16305516","chr6",345932,"+"
"cg20143970","0.927105538181787","0.91200615559208","0.894299446670433","0.848631544478876","0.640467047478043","0.924367097053529","0.912376128791081","0.711659628220117","0.924930711628148","0.896354015129891","0.918447805823756","0.907381519213271","0.882089159542406","0.914532383247479","0.877052649991902","0.91916064136492","0.885683557830654","0.938668582644455","0.946810631048514","0.949544919292045","0.931474633578036","0.932118384297522","0.917670281068363","0.915818737219226","0.907765071512256","0.916600259248608","0.932150066155197","0.933598808873505","0.929845918787348","0.940440468421097","0.929590026095233","0.919583529341411","0.902843507288938","0.894692337821901","0.914934251447719","0.908549184041929","0.718484200174469","0.91443955454413","0.923523379954338","0.919000099275064","0.90225302532955","0.920293668141673","0.913038234616506","0.927611663046136","0.931396556755164","0.883983929445268","0.911126275315822","0.901974139016547","0.93738300623346","0.935693352600327","0.925065751996687","0.929294572387435","0.922700086928606","0.93838321127738","0.916952890914898","0.750129131312598","0.921439422420538","0.927886318423017","0.928650140152846","0.896961791834938","0.911903181725059","0.947650420512844","0.934531554880502","0.92917505391959","0.711922367168987","0.708667202742409","0.924557041394267","0.910565583135446","0.943042497994944","0.926514793268439","0.905474057887193","0.948259121034118","cg11170393","AGCTGCCTTGTACACTGGTACGTGTGTCTCTTGCTTAATAGCGCCTTAGCGTATTCTGGT[CG]GCTTGGCTTCCCATCAAGTGTTTTTCCGTGTGTGAATAATGGTTTCACCTCCTAATAGTT","CGGCTTGGCTTCCCATCAAGTGTTTTTCCGTGTGTGAATAATGGTTTCAC","","","DUSP22","NM_020185","Body","","","","6:290897-290973","","","","cg11170393","chr6",345972,"+"
"cg24319143","0.946495579784298","0.929490045722534","0.935777451536851","0.928708040908226","0.94511134984084","0.919577708339051","0.944358173193361","0.956158658701046","0.949750453354805","0.952297629723101","0.953639554956571","0.938113077140599","0.936392723265235","0.929638108508351","0.935293197361147","0.935573443445822","0.947471643111584","0.920264117100485","0.939698960212465","0.9393000466928","0.930186287381858","0.916275694872254","0.9382492113341","0.950433793838036","0.936237361391326","0.925745190077917","0.912808254540066","0.942387111264466","0.93291409644959","0.957224887131481","0.929536341600332","0.918370178486607","0.93574868872837","0.945896550692931","0.90963479173818","0.941292861727225","0.95393942398617","0.955841099254838","0.929788090900096","0.936482360106652","0.944072255325378","0.941017641777713","0.948442505317801","0.958726984530093","0.929661453624","0.895425064113934","0.932710321865186","0.928083220988305","0.939166779963358","0.94468284827081","0.912294212194586","0.919557975438947","0.947884985863584","0.946031498730026","0.917591116044097","0.938846175244783","0.920398700867831","0.933947515955863","0.958505257619848","0.931673826944964","0.919170662401058","0.938910955015476","0.945618433591887","0.950290766525362","0.940902646009747","0.945395607787534","0.959647575584623","0.942917014249133","0.950809289780012","0.912277683715663","0.94170562600285","0.920216570962643","cg20491765","GGATTGGGCGATGAACCCGGAGATCTGAAACTGCCCTCACACATGTGCTTCTCTTGGCCC[CG]CAGCCTGGCCGGGGTCTCCAGGAGCGTGACACTGGTGATCGCATACATCATGACCGTCAC","CGGGGCCAAGAGAAGCACATGTGTGAGGGCAGTTTCAGATCTCCGGGTTC","","","DUSP22","NM_020185","Body","","","","6:293028-293444","","","","cg20491765","chr6",348098,"-"
"cg26668828","0.955950477425904","0.963155005630329","0.932212325579638","0.948655275457445","0.957227315387284","0.926651249081961","0.942908313291112","0.962147791674811","0.949052414179337","0.95309225230521","0.950193531967148","0.944924383195373","0.957429684588273","0.934382963265334","0.92593938736902","0.951436028487018","0.944597796914375","0.960503892082737","0.956121217710049","0.942493876941217","0.932504780005327","0.952201480158154","0.935793065694664","0.963494185526214","0.926572685291049","0.938647676687198","0.949816586813275","0.943102373835191","0.917652268947296","0.942772844341616","0.935021306505746","0.935816238923943","0.941805204817415","0.914066597583096","0.916064354153571","0.928417677097507","0.940541262854789","0.941778153681907","0.941524631320847","0.937607609445681","0.937621765462451","0.93815281682403","0.957253955969822","0.943965636612824","0.92658653054171","0.909907241246509","0.953687905974466","0.931200907774914","0.935893832727936","0.929079399338674","0.964921676417357","0.938660265763807","0.947489496618504","0.943336577179175","0.933664169000842","0.946502287983649","0.948709997243468","0.950610359325695","0.947664450366993","0.924413393585114","0.957362499985362","0.93522812733145","0.931747182528644","0.941194923224373","0.975148173008359","0.949390294372017","0.9415459197833","0.962444266063688","0.946064091218789","0.947053798076791","0.928494284428332","0.93300329443783","cg01773443","ACTGGTGATCGCATACATCATGACCGTCACTGACTTTGGCTGGGAGGATGCCCTGCACAC[CG]TGCGTGCTGGGAGATCCTGTGCCAACCCCAACGTGGGCTTCCAGAGACAGCTCCAGGAGT","CGGTGTGCAGGGCATCCTCCCAGCCAAAGTCAGTGACGGTCATGATGTAT","","","DUSP22","NM_020185","Body","","","","6:293028-293444","","","","cg01773443","chr6",348190,"-"
"cg18120979","0.919732358154354","0.895266619788112","0.915421817031504","0.944125742890924","0.941691640351947","0.909984516213805","0.911869749545879","0.929946879768383","0.920578561341689","0.930527855802765","0.910006935559866","0.893171851098259","0.898869013309279","0.892917075265549","0.865898848287058","0.909788716294091","0.895678000844751","0.907767847378916","0.861973751323899","0.899151470078402","0.89314788376841","0.906935629117773","0.896543673801009","0.901753218185911","0.903328074876599","0.864073251231257","0.881910587504182","0.91540117547761","0.864094198297136","0.869809316074713","0.895343755885221","0.915741698409941","0.914035499971291","0.766571119354877","0.901617449123182","0.902215750421579","0.881720476957984","0.917639032415198","0.83634124155984","0.906698288080356","0.92728318753759","0.917758596910559","0.860521322557031","0.93257433821594","0.886026631721672","0.8999967104342","0.904149874063493","0.873125703324783","0.918913507494201","0.932345942009148","0.875001545158584","0.870323287162265","0.925993266470032","0.935356330528027","0.88197714736657","0.872071022850985","0.797333781667069","0.87506612083045","0.918128922699887","0.918531783415794","0.914247681238009","0.873249166298332","0.877742151990404","0.867864332973063","0.883543500152444","0.963844090058704","0.938864450368706","0.881661304317446","0.891747533310149","0.902093347640027","0.860431023751146","0.898159842329113","cg09779827","GAGGTCCATCAGGTAAGCAGTTCTTAGGGGACATCAGAGATGCAGGCAGGTGCCCCTGAA[CG]GTGCCCACAGTCTTTCCGTACACAGCCAGCATCATGGCGTTTGGAGTTGAAAGGCCCACA","CGGTGCCCACAGTCTTTCCGTACACAGCCAGCATCATGGCGTTTGGAGTT","","","DUSP22","NM_020185","Body","","","","6:293028-293444","","","","cg09779827","chr6",348323,"+"
"cg20491765","0.929385981412912","0.953614566738429","0.921790248067257","0.95139991639293","0.956186027765897","0.942190723575282","0.945178695509305","0.951151615094089","0.951036896477352","0.951710117851272","0.937912179860437","0.944197252336716","0.942123621028048","0.938533650417155","0.938107704039955","0.955823712144598","0.950907466944344","0.948061181748853","0.94954209401899","0.957934836996615","0.933310028813663","0.926643967892534","0.932921712621604","0.940790421839415","0.914966782365816","0.937015575498515","0.932575816806928","0.931448308032789","0.935094223789699","0.905078022866747","0.931278013034821","0.943920836622981","0.923105359061096","0.947362686560187","0.960841722903747","0.926764594368711","0.947602541907543","0.957228943710213","0.934559301487945","0.950773076512068","0.944433126999843","0.957479113135463","0.945512652795378","0.949672428632411","0.939366261216262","0.94490304341635","0.953641795525837","0.952185977221776","0.914626235136445","0.937080167991255","0.952627567698677","0.936179756980462","0.935679761808026","0.93365558618656","0.938274848410131","0.94383305905865","0.890307748007899","0.92968319938357","0.941610924762222","0.940742070779919","0.930147168717078","0.923141632837263","0.918205618568571","0.922118654762794","0.956193758166409","0.948270364365899","0.951029934183225","0.944484052381794","0.933196113778055","0.943817629587258","0.921339679692849","0.941723108011962","cg05698911","GTGGATGCAGACGTGCACATGTGTGTGACGTTTCGGGTTTGTTTCCATCCTCTCCAGTAT[CG]GCAGTGGCTGAAGGAAGAATATGGAGAGAGCCCTTTGCAGGATGCAGAAGAAGCCAAAAA","GTGCACATGTGTGTGACGTTTCGGGTTTGTTTCCATCCTCTCCAGTATCG","","","DUSP22","NM_020185","Body","","","","6:293740-293953","","","","cg05698911","chr6",348772,"-"
"cg18134411","0.920921482355489","0.928751439671375","0.956111621750895","0.928223971671701","0.920522800027763","0.911537332763632","0.922354546305173","0.912914049769922","0.897218700611598","0.911175564387908","0.933888866460469","0.888484492493154","0.935081223486352","0.922891567308433","0.927777224210409","0.927996973594746","0.915291946651412","0.912052042981936","0.90364060972618","0.924881733131619","0.920085937887734","0.906248367212819","0.875894424345928","0.923889808498356","0.919338422606032","0.931110797123183","0.922368595606084","0.912870925587483","0.933933399914231","0.924637563547715","0.900656043785468","0.914229239796399","0.916653912814835","0.919210783592395","0.924606896334117","0.930223771333361","0.905995464837541","0.916605423638011","0.918658500526076","0.928636129025068","0.917050653415605","0.914987834894212","0.926037450088457","0.925659807107977","0.927312510286794","0.937394801037053","0.927566383583997","0.938746749037712","0.915569789615216","0.91033598959809","0.896006218617105","0.950567195682478","0.901459219589982","0.911352473384039","0.919505709574045","0.920792827065171","0.916502877380683","0.925089545052452","0.905651619209227","0.905542830168885","0.922004891326852","0.934515114857251","0.924580081301001","0.931788227618419","0.896225963138422","0.915002848325751","0.918631783021291","0.919293815071222","0.887363106234784","0.935634214283571","0.916121740082954","0.921601535148513","cg13873925","AGAAGAAGCCAAAAACATTCTGGGTAAATATAAGGAGCAAGGGCGCACAGAGCCCCAGCC[CG]GCGCCAGGCGGTGGAGCAGTTTTCCGGCACTGGCTCCGCTGACCTACGATAATTATACGA","AAACATTCTGGGTAAATATAAGGAGCAAGGGCGCACAGAGCCCCAGCCCG","","","DUSP22","NM_020185","Body","","","","6:293740-293953","","","","cg13873925","chr6",348879,"-"
"cg26220725","0.952899994819569","0.931620599138107","0.935076836524798","0.936981683704096","0.922361120998083","0.918057285651947","0.956694465312316","0.942967425728617","0.980290238220162","0.950847235606176","0.955606626395676","0.928545790851568","0.955984899013737","0.965634200673567","0.924332193962154","0.983336722579721","0.921304054866693","0.924294131454005","0.94579414914758","0.974243186215528","0.951164814186299","0.92034323999703","0.954344229462201","0.932995836565224","0.933274228630029","0.932940863716888","0.946994861798838","0.962128050702255","0.932279737233663","0.978077662856352","0.940701314577872","0.970850339746612","0.978711362324618","0.958536681241631","0.961357786858506","0.944582629404401","0.858025150537951","0.911197804533029","0.964113067377478","0.928686939135586","0.942087883676419","0.960437975045068","0.945076378663545","0.9372404685422","0.885160993166599","0.954764054833265","0.938892000996913","0.95111633435976","0.951607500185625","0.940269791890494","0.961150649512318","0.938031039785391","0.949918956169975","0.913988879589905","0.955175112266916","0.942236004151651","0.963434641300207","0.955133655175534","0.989333453573301","0.94731161351957","0.968729138628595","0.938729568512821","0.936929241959649","0.902456769512308","0.929284733706708","0.900910148020827","0.961040939613805","0.931528620355121","0.967960930926105","0.942815861985389","0.941770395259478","0.897634139652513","cg23208850","TCCCCTTATCCCCACTGCTGTGGAGGTTTCTGTACCTCGCTTGGATGCCTGTAAGGATCC[CG]GGAGCCTTGCCGCACTGCCTTGTGGGTGGCTTGGCGCTCGTGATTGCTTCCTGTGAACGC","CACTGCTGTGGAGGTTTCTGTACCTCGCTTGGATGCCTGTAAGGATCCCG","","","DUSP22","NM_020185","3'UTR","","","","6:296093-296309","","","","cg23208850","chr6",351116,"-"
"cg22949951","0.944299381992325","0.962206403017733","0.977585237299555","0.934014867410682","0.944248765997902","0.944854261860457","0.959885309151807","0.965905334624903","0.951929948689018","0.968691979045723","0.958556638319642","0.983429582400646","0.946816156923985","0.938660606258617","0.945340115934326","0.970697481979904","0.980091965626568","0.947914010263836","0.970375623906013","0.950229132517662","0.972893274172338","0.969066427522335","0.926204007346404","0.966228232120223","0.972532288545692","0.980204945163227","0.96696740265175","0.935598886639016","0.940548189790847","0.946789088232374","0.944823357620243","0.957840494104393","0.916108287579108","0.963928212229188","0.967375316447205","0.971867548075149","0.968851846149599","0.978030721458425","0.979066048164839","0.952461570741049","0.976706245849505","0.958773754651174","0.959881274457681","0.975897041573561","0.982941288719637","0.947706065205576","0.982220489456585","0.973239039177571","0.957200733572224","0.947870472845386","0.947623028233462","0.957284617812861","0.946028477604617","0.97219824170345","0.977721918173576","0.96945907003608","0.953566109247682","0.95028921423872","0.975077690107333","0.968149784814184","0.981830872286443","0.961489640914034","0.977816935312993","0.9191121684079","0.884819262216231","0.949500425450937","0.955789940263532","0.847305166080231","0.947762756163154","0.963293215275334","0.927118829424187","0.955353502873948","cg05371885","GGCGCTCGTGATTGCTTCCTGTGAACGCCTCCCAAGGACGAGCCCAGTGTAGTTGTGTGG[CG]TGAACTCTGCCCGTGTGTTCTCAAATTCCCCAGCTTGGGAAATAGCCCTTGGTGTGGGTT","CGCCACACAACTACACTGGGCTCGTCCTTGGGAGGCGTTCACAGGAAGCA","","","DUSP22","NM_020185","3'UTR","","","","6:296093-296309","","","","cg05371885","chr6",351210,"-"
"cg13873925","0.791806777599096","0.793684420221541","0.778428672917454","0.876980782614221","0.847843242747986","0.767280583234296","0.797460127631299","0.880550742498921","0.856953789145417","0.852493285744128","0.82227348100378","0.750745191701289","0.73609865305148","0.774694551491282","0.732135387786504","0.79613112825141","0.779189152439551","0.820560876419654","0.845773712208662","0.817978675488184","0.714985966090367","0.75465485979781","0.830581427467026","0.817383553769157","0.747471288889162","0.638387233117792","0.734694464103169","0.813657317528958","0.784601651634393","0.806520194802455","0.695382353689362","0.838353714043726","0.787212492379102","0.790698203278523","0.755754393306741","0.78604126815182","0.758393087884816","0.791337499128102","0.680961647144285","0.72240779090009","0.832231637370416","0.773071689139274","0.827802525722381","0.86306332250027","0.721539001461924","0.785821122258097","0.822587199351151","0.73181336857122","0.758382375302783","0.781854094320581","0.808418972108131","0.720392698277147","0.81620350106365","0.813795779885184","0.762643097981406","0.75297563460178","0.703898286400192","0.880400955032692","0.744451220697842","0.687025363832217","0.815206797763789","0.766079780834511","0.801656791734814","0.782808710947187","0.788344317310528","0.824580839620725","0.846793182338496","0.790245847080255","0.801560676987564","0.831155956243891","0.740109010037293","0.780993842037699","cg22949951","CAAATTCCCCAGCTTGGGAAATAGCCCTTGGTGTGGGTTTTATCTCTGGTTTGTGTTCTC[CG]TGGTGGAATTGACCGAAAGCTCTATGTTTTCGTTAATAAAGGGCAACTTAGCCAAGTTTA","AGTTGCCCTTTATTAACGAAAACATAGAGCTTTCGGTCAATTCCACCACG","","","DUSP22","NM_020185","3'UTR","","","","6:296093-296309","","","","cg22949951","chr6",351293,"+"
"FA","1","1","1","1","1","1","1","1","1","1","1","1","1","1","1","1","1","1","1","1","1","1","1","1","1","0","1","1","1","1","1","1","0","0","0","0","0","0","0","0","0","0","0","0","0","0","0","0","0","0","0","0","0","0","0","0","0","0","0","0","0","0","0","0","0","0","0","0","0","0","0","0",NA,NA,NA,NA,NA,NA,NA,NA,NA,NA,NA,NA,NA,NA,NA,NA,NA,NA,NA
